workbook_surface,capability,repository_owner,status,recommended_treatment,final_verdict
room_schedule,physical_room,rooms,PARTIAL,admin_operations_board,IMPLEMENT
room_schedule,housekeeping,none,MISSING_REPO_OWNED,audited_room_state,IMPLEMENT
booking_operations,rate_plan,rate_plans,MATCHED_DIFFERENT_MODEL,reuse_existing,MATCHED
booking_operations,payment_attempts,payments_and_payment_attempts,MATCHED_DIFFERENT_MODEL,do_not_model_partial_payment,MATCHED
booking_operations,partial_payment,none,DOMAIN_CHANGE_REQUIRED,defer_separate_review,DEFERRED
settings_catalog,price_tier,price_tiers,MATCHED_DIFFERENT_MODEL,reuse_existing,MATCHED
settings_catalog,extra_hour,rate_plan_prices,MATCHED_DIFFERENT_MODEL,reuse_existing,MATCHED
reporting,operational_aggregates,bookings_and_payments,MISSING_REPO_OWNED,server_aggregate_report,IMPLEMENT
customer_confirmation,safe_booking_summary,booking_detail,PARTIAL,authorized_printable_projection,IMPLEMENT
