ID,Domain,Requirement,AuthoritativeSource,Evidence,Status,Severity,ExploitOrFailureMode,CustomerImpact,FinancialImpact,DataIntegrityImpact,ProductionBlocker,ExternalDependency,OwningComponent,RecommendedFix,RequiredTests,EstimatedEffort,SuggestedPhase,Dependencies
PRICING-001,Pricing,"Production selector returns the cheapest valid plan/composition",docs/domain/pricing-rules.md + ADR-0005 + Phase 8A exhaustive oracle,"Audit oracle (8 928 scenarios): production matches cheapest in 6 896 (77.24%); 2 032 (22.76%) have a strictly cheaper valid alternative that production rejects. Random test (2 000 cases): 234/1 999 (11.7%) mismatch, all on production's side (never cheaper).",FAIL,P0,"Customer paying strictly more than the cheapest valid combination in ~12-23% of cases (depending on configured prices). Pricing is server-authoritative so customer cannot self-correct.",High - direct overcharge,High - direct overcharge,None,Yes (production cannot ship as-is without business decision),None,apps/api/src/pricing/selection-rule-matcher.ts,"Replace priority-wins selection with cheapest-first selection; or keep priority-wins but document the gap and obtain explicit product sign-off. The fix is a one-line change in selector + new oracle regression test.",Re-run audit-exhaustive and audit-property-random; aim for 100% match.,M (1-2 days),Phase 8B,Product sign-off on cheapest-first vs priority-wins
PRICING-002,Pricing,Flexible-time recommendation has approved product rules,docs/product/product-scope.md,"Audit searched pricing-rules.md, business-invariants.md, product-scope.md, ADR-0005 - no rules for: max time shift; check-in earlier/later; check-out movement; duration preservation; unused-included tolerance; availability re-check; explicit customer confirm; tie-break; convenience weighting; coupon participation.",BUSINESS_RULE_UNSOURCED,P1,N/A,N/A,N/A,N/A,Yes (cannot ship without approved rules),None,apps/api/src/pricing (none exists),Define product-approved rules,Add an ADR or product spec; add API contract.,S (planning),Phase 8B,Product decision
PRICING-003,Pricing,Quote immutability is enforced at the DB layer,docs/domain/pricing-rules.md + INV-006,"Immutability is by code path; no DB trigger prevents UPDATE on quotes.",VERIFIED_WITH_LIMITATION,P3,"A future code path that calls UPDATE on quotes.price_snapshot would silently mutate the snapshot; no DB guard.",None (requires code bug to trigger),Medium if combined with a code bug,Medium if combined with a code bug,No,None,packages/database/drizzle (add trigger),Add a BEFORE UPDATE trigger that raises on price_snapshot mutation,Unit test confirming trigger fires.,XS,Phase 8F,None
PRICING-004,Pricing,"Coupon discount cannot exceed base combo total",INV-020,"packages/booking coupon logic enforces invariant; tests cover happy path.",VERIFIED_WITH_LIMITATION,P2,N/A,None,None,None,No,None,packages/booking/src/coupon,N/A - test coverage is adequate; document exhaustive case count in next phase.,Exhaustive discount-cap test.,S,Phase 8C,None
PAYMENT-001,Payment,Provider status-query API integration for reconciliation,docs/handoffs/phase-7g-verdicts.md,"No MoMo /v2/gateway/api/query or VNPAY vnp_QueryDr integration found.",NOT_VERIFIED,P1,Reconciliation drift undetected for hours/days; risk of incorrect booking state.,Medium - failed payments may stall customer bookings,Medium - uncollected / over-collected provider balances,Medium - booking/payment aggregate state divergence,Yes,MoMo sandbox creds; VNPAY sandbox creds,apps/api/src/payment/providers/,Add status-query job on a 15-min interval; reconcile payment_provider_events against provider state; emit REVIEW_REQUIRED on divergence.,Integration test with sandbox; idempotency test for repeated queries.,M (3-5 days),Phase 8D,Merchant sandbox credentials
PAYMENT-002,Payment,"VNPAY canonical-string space encoding conforms to spec",VNPAY spec (not retrievable in this audit),"Production and audit-oracle both encode space as `+` (URLSearchParams.toString() behavior); spec ambiguous between `+` and `%20`.",VERIFIED_WITH_LIMITATION,P1,"If VNPAY expects `%20`, every signature would mismatch in production.",None until production acceptance,High if spec mismatch confirmed,None,Yes (production acceptance blocked),VNPAY spec doc; sandbox test,apps/api/src/payment/providers/vnpay/vnpay.signature.ts,Confirm with VNPAY sandbox; if `%20` is required, replace URLSearchParams.toString() with a manual encoder.,Sandbox conformance test.,S,Phase 8D,VNPAY sandbox credentials
PAYMENT-003,Payment,"VNPAY amount scaling (x100 vs x1) conforms to spec",VNPAY spec (not retrievable in this audit),"Audit could not access current official VNPAY spec; production sends raw VND.",NOT_VERIFIED,P1,"If VNPAY expects x100, amounts are off by 100x.",None until production acceptance,High if spec mismatch confirmed,None,Yes,VNPAY spec doc; sandbox test,apps/api/src/payment/providers/vnpay/vnpay.adapter.ts,Confirm with VNPAY sandbox; if x100 required, multiply by 100 before sending.,Sandbox conformance test.,S,Phase 8D,VNPAY sandbox credentials
PAYMENT-004,Payment,Provider event retention policy,docs/runbooks/,No retention policy documented.,NOT_VERIFIED,P2,"Long-term retention increases DB size; short-term retention risks loss of audit evidence for reconciliation.",Low,None,Medium - lost evidence for payment dispute,No,None,packages/database/drizzle (add retention cron) + apps/worker,Document a 365-day retention; add a scheduled job to archive older rows.,Test the archive cron.,S,Phase 8F,None
PAYMENT-005,Payment,Provider request-id in audit logs,docs/security/threat-model.md,"Audit logs do not include the provider's request_id; only the local requestId.",NOT_VERIFIED,P3,"Cross-provider debugging harder than necessary.",None,None,Low,No,None,apps/api/src/payment/providers/,Add `providerRequestId` to audit log payload.,Unit test confirming request_id is logged.,XS,Phase 8E,None
DATA-001,Database,operational_reviews.payment_id is cross-checked to same booking/property,pkg/database/drizzle/0015_phase7g_admin_booking_operations.sql,"DB-level FK to payments(id) exists; no DB-level CHECK or trigger that operational_reviews.payment_id belongs to the same booking/property as the review. Application-level validation only.",VERIFIED_WITH_LIMITATION,P1,"A code bug could write a review pointing to a payment of a different booking/property; review evidence would be associated with the wrong aggregate.",None in normal operation,Low,Medium - cross-aggregate integrity loss,Yes (production-acceptance gate),None,packages/database/drizzle (add trigger),"Add a BEFORE INSERT OR UPDATE trigger on operational_reviews that joins payments and rejects mismatched booking/property.",Trigger-rejection unit test.,S,Phase 8C,None
DATA-002,Database,audit_events append-only protection,docs/domain/audit-policy.md (no such doc; INV-024..027),"Immutability is by code path; no DB trigger prevents UPDATE/DELETE on audit_events.",VERIFIED_WITH_LIMITATION,P3,"A code bug could mutate or delete audit rows; loss of forensic trail.",None,High if combined with a code bug (financial dispute),High if combined with a code bug,No,None,packages/database/drizzle (add trigger),"Add BEFORE UPDATE/DELETE trigger that raises.",Unit test.,XS,Phase 8F,None
SECURITY-001,Web,Security headers (CSP, HSTS, X-Frame-Options),docs/security/threat-model.md (THR-014 XSS),"No security-headers middleware observed in apps/web/src/middleware.ts.",NOT_VERIFIED,P1,"XSS / clickjacking risk in the Web app.",Medium - if XSS or clickjacking exploited,Low,Low (no DB write),No,None,apps/web/src/middleware.ts (or equivalent),Add a Next.js middleware that sets CSP / HSTS / X-Frame-Options / Referrer-Policy.,Integration test that asserts headers in response.,S,Phase 8E,None
SECURITY-002,Security,Dependency audit,RELEASE_CHECKLIST.md,"pnpm audit is not in the regression baseline; no CI step.",NOT_VERIFIED,P2,"Known-vulnerable dependencies shipped to production.",Medium - supply-chain risk,None,Medium,No,None,repo root,.github/workflows or CI: add pnpm audit --prod as a step.,N/A - test is the CI step itself.,XS,Phase 8E,None
SECURITY-003,Security,Web bundle secret scan,RELEASE_CHECKLIST.md,"No committed step scans apps/web/.next for provider secrets.",NOT_VERIFIED,P2,"A leaked secret in the bundle is exposed to every browser.",None,High - credential leakage,None,Yes (production cannot ship if secret leaks),None,scripts/ (new),Add a script that greps .next/static for known-secret shapes; fail CI on match.,N/A.,XS,Phase 8E,None
OBSERVABILITY-001,Observability,SLOs / metrics endpoint / dashboards / alerts,OBSERVABILITY_POLICY.md,"No SLOs are documented; no /metrics endpoint; no dashboards; no alert rules.",NOT_VERIFIED,P0,"Production incidents cannot be detected, alerted, or tracked against an SLO. Health-check only confirms the process is alive.",Medium - degraded MTTR,Medium - revenue impact during outages,Low,Yes,Monitoring infra (Prometheus/Grafana or equivalent),apps/api/src/health (add metrics) + new dashboard JSON + alert rules,"Define 3 SLOs (api-availability, payment-success-rate, quote-creation-latency); add /metrics endpoint using prom-client; add Grafana dashboard JSON; add alert rules.",Synthetic tests for the /metrics endpoint.,M (3-5 days),Phase 8F,SRE decision
OBSERVABILITY-002,Observability,Data retention policy,pkg/database schema,"No retention policy for payment_provider_events, audit_events, outbox_events.",NOT_VERIFIED,P2,"DB grows unbounded; cost grows; archival cost grows.",None,None,Low,No,None,packages/database (new) + apps/worker,Document 365-day retention; add archival job.,Test archival cron.,S,Phase 8F,None
OBSERVABILITY-003,Observability,Readiness endpoint,apps/api/src/health/,"Only /health (liveness) exists; no /ready that returns 503 when DB is down.",NOT_VERIFIED,P3,"K8s liveness probe will keep routing traffic to a broken pod.",Low,Low,None,No,None,apps/api/src/health (add ready),Add /ready endpoint that pings DB.,Unit test.,XS,Phase 8F,None
OBSERVABILITY-004,Observability,Outbox dead-letter queue,apps/worker/src/jobs/,Failed outbox rows remain PENDING and are retried forever.,VERIFIED_WITH_LIMITATION,P3,"A poisoned outbox row can starve the queue.",Low,None,Low,No,None,apps/worker/src/jobs/outbox (add DLQ),After N retries move to outbox_dlq; surface in dashboard.,Unit test.,S,Phase 8F,None
MIGRATION-001,Migration,Zero/low-downtime migration strategy,DB_MIGRATION_POLICY.md,"Forward-only; no documented backward-compatibility window for safe rollback.",NOT_VERIFIED,P1,"Deploying a breaking schema change requires downtime or a manual rollback dance.",Medium during rollout,Low,Low,Yes (production cutover blocked),None,packages/database (new ADR),Add an ADR specifying expand-contract pattern for breaking changes; pre-deploy shadow column; cutover; drop.,Test the expand-contract pattern in Phase 8C.,S,Phase 8F,None
MIGRATION-002,Migration,Phase 7F to 7G historical-data upgrade,DB_MIGRATION_POLICY.md,"Audit did not execute the historical-data upgrade simulation in this phase.",NOT_VERIFIED,P2,"Old bookings (CANCELLED, NO_SHOW) may violate new constraints; silent data corruption on upgrade.",None,None,High - data corruption,No,None,packages/database/seed (Phase 7F dataset) + new test,Run migration against a synthetic Phase 7F snapshot; assert no constraint violations; document the runbook.,Integration test against a Phase 7F-shaped DB.,M,Phase 8C,Phase 7F seed dataset
BACKUP-001,Backup/Restore,RPO/RTO documented,RELEASE_CHECKLIST.md,"No RPO/RTO documented; drill ran on disposable DB only.",NOT_VERIFIED,P1,"Cannot answer customer or compliance questions about disaster recovery; cannot size backups.",High during incident,High during incident,Medium,Yes,None,docs/runbooks (new ADR/DR),Add ADR specifying RPO (e.g. 15 min) and RTO (e.g. 4 h); document restore procedure with measurable timings.,Tabletop exercise + drill on disposable DB.,S,Phase 8F,None
DEPLOYMENT-001,Deployment,Production deployment artifacts,RELEASE_CHECKLIST.md,"No Dockerfile, no docker-compose.production.yaml, no Helm/Kustomize, no CI/CD, no domain/DNS, no TLS, no reverse proxy/WAF.",NOT_VERIFIED,P0,"Cannot ship to production; deployment story does not exist.",Blocking,Blocking,N/A,Yes,None,repo root (new infra/),Author production Dockerfiles, compose, Helm chart, CDN config, TLS termination, WAF, secrets injection via env or vault.,Smoke test in staging.,L (1-2 weeks),Phase 8H,Infrastructure access
DEPLOYMENT-002,Deployment,Production SMTP / email,RELEASE_CHECKLIST.md,"Dev uses Mailpit (localhost:1025); no production SMTP.",NOT_VERIFIED,P1,"Booking confirmations never arrive in production; customer cannot self-serve.",High - silent failure,None,Low,Yes,SMTP provider (SES/SendGrid/etc.),apps/api + apps/worker (config),"Configure production SMTP env (SMTP_HOST/PORT/SECURE/FROM); verify SPF/DKIM/DMX; document password-reset and booking flows end-to-end.",Manual send-and-receive test in staging.,S,Phase 8H,SMTP provider
EXTENSIBILITY-001,Extensibility,Generic PaymentProviderAdapter interface,apps/api/src/payment/payment.module.ts,"Adapters are hand-wired in the module; no interface contract.",VERIFIED_WITH_LIMITATION,P2,"Adding a third provider requires editing the module; higher regression risk.",None,None,None,No,None,apps/api/src/payment/,Define a `PaymentProviderAdapter` interface with `verify`, `create`, `parseReturn`; wire adapters as providers.,Unit test confirming a stub adapter can be plugged in.,M,Phase 8G,None
EXTENSIBILITY-002,Extensibility,Admin UI for new pricing plan,apps/web/src/app/admin/rate-plans/,"Rate-plan admin exists; combo-window definition may not be exposed to non-technical operators.",VERIFIED_WITH_LIMITATION,P3,"Pricing changes require DBA/admin intervention.",None,None,None,No,None,apps/web/src/app/admin/rate-plans/,Audit the admin UI for coverage of all 4 eligibility windows.,Manual UI walkthrough.,S,Phase 8G,None
SCALABILITY-001,Scalability,Outbox / audit-event retention,pkg/database,"No retention policy; rows accumulate forever.",VERIFIED_WITH_VERIFIED_WITH_LIMITATION,P2,"Long-term DB growth; archival cost.",None,Low,Low,No,None,packages/database (new table) + apps/worker (job),Add a partitioned table or a scheduled archive job.,Test archival cron.,S,Phase 8G,None
